{
  "nodes": {
    "edit#1": {
      "rfNode": {
        "position": {
          "x": 12.594744268087425,
          "y": -8.802589071933141
        }
      }
    },
    "result#1": {
      "rfNode": {
        "position": {
          "x": 551.0530970007543,
          "y": -323.80258907193314
        }
      }
    }
  },
  "pseudoNodes": {
    "input": {
      "rfNode": {
        "position": {
          "x": -359.314605637759,
          "y": -495.8017519106375
        }
      },
      "sections": {
        "subflowInput": {
          "groupCollapsed": {
            "Optional Settings": true
          }
        }
      }
    },
    "output": {
      "rfNode": {
        "position": {
          "x": 1056.4771957683606,
          "y": -419.0493527320167
        }
      }
    }
  }
}